method_name,method_category,total_revenue,units_sold,operational_cost,implementation_cost,training_cost,inference_cost,maintenance_cost,total_cost,net_benefit,roi,cost_benefit_ratio,meets_cost_constraint,service_level,inventory_turnover,forecast_accuracy
Safety_Stock,traditional,95860.0,4793,15498.360004240665,1000.0,0.0,9.0,900.0,17407.360004240665,78452.63999575934,7745.263999575935,5.506866059910706,True,0.7666666666666667,130.06829531499778,0.8102631006740596
EOQ,traditional,2000.0,100,11518.551763010544,1000.0,0.0,9.0,900.0,13427.551763010544,-11427.551763010544,-1242.7551763010545,0.14894748017352546,True,0.4444444444444444,1182.6404943500597,0.8102631006740596
LSTM,ml,2000.0,100,49611.534618948186,5000.0,2000.0,45.0,4500.0,61156.534618948186,-59156.534618948186,-945.0933516992598,0.03270296481743977,True,0.011111111111111112,8894.117647058823,0.7887384414672851
DQN,rl,2000.0,100,54002.0,8000.0,5000.0,90.0,9000.0,76092.0,-74092.0,-669.9384615384615,0.026283972033853756,True,0.011111111111111112,8894.117647058823,0.8228458049886621
